poll_id,question_id,race_id,cycle,location,type_simple,race,pollster,pollster_rating_id,aapor_roper,inactive,methodology,transparency_score,partisan,polldate,electiondate,time_to_election,samplesize,cand1_name,cand1_id,cand1_party,cand1_pct,cand1_actual,cand2_name,cand2_id,cand2_party,cand2_pct,cand2_actual,margin_poll,margin_actual,days_to_election,margin_error,absolute_margin_error,winner_correct
72500,136058,6214,2020,AZ,Pres-G,2020_Pres-G_AZ,AtlasIntel,546,True,False,Online Panel,5.0,,2020-10-30,2020-11-03,4,641.0,Joe Biden,13256,DEM,48.1,49.364690614366616,Donald Trump,13254,REP,50.4,49.05598103046474,-2.299999999999997,0.308709583901873,4,-2.60870958390187,2.60870958390187,False
72399,135844,6220,2020,FL,Pres-G,2020_Pres-G_FL,AtlasIntel,546,True,False,Online Panel,5.0,,2020-10-28,2020-11-03,6,786.0,Joe Biden,13256,DEM,48.6,47.86145072544223,Donald Trump,13254,REP,48.5,51.21981962250403,0.1000000000000014,-3.3583688970618013,6,3.4583688970618027,3.4583688970618027,False
72593,136231,6221,2020,GA,Pres-G,2020_Pres-G_GA,AtlasIntel,546,True,False,Online Panel,5.0,,2020-10-30,2020-11-03,4,679.0,Joe Biden,13256,DEM,46.1,49.473055784446274,Donald Trump,13254,REP,48.3,49.2374738997912,-2.199999999999996,0.2355818846550761,4,-2.4355818846550723,2.4355818846550723,False
72594,136232,6233,2020,MI,Pres-G,2020_Pres-G_MI,AtlasIntel,546,True,False,Online Panel,5.0,,2020-10-30,2020-11-03,4,686.0,Joe Biden,13256,DEM,48.3,50.62081829082437,Donald Trump,13254,REP,45.9,47.83729069113762,2.3999999999999986,2.783527599686749,4,-0.38352759968675043,0.38352759968675043,True
72501,136059,6238,2020,NC,Pres-G,2020_Pres-G_NC,AtlasIntel,546,True,False,Online Panel,5.0,,2020-10-30,2020-11-03,4,812.0,Joe Biden,13256,DEM,47.5,48.586194188970325,Donald Trump,13254,REP,49.5,49.93435061225701,-2.0,-1.3481564232866887,4,-0.6518435767133113,0.6518435767133113,True
72657,136347,6246,2020,OH,Pres-G,2020_Pres-G_OH,AtlasIntel,546,True,False,Online Panel,5.0,,2020-10-29,2020-11-03,5,660.0,Joe Biden,13256,DEM,46.5,45.23933834070503,Donald Trump,13254,REP,50.4,53.27130010087464,-3.899999999999999,-8.031961760169615,5,4.131961760169617,4.131961760169617,True
72475,136002,6249,2020,PA,Pres-G,2020_Pres-G_PA,AtlasIntel,546,True,False,Online Panel,5.0,,2020-10-29,2020-11-03,5,672.0,Joe Biden,13256,DEM,48.5,50.00849567544814,Donald Trump,13254,REP,49.6,48.84361204017247,-1.1000000000000014,1.1648836352756715,5,-2.264883635275673,2.264883635275673,False
72592,136230,6254,2020,TX,Pres-G,2020_Pres-G_TX,AtlasIntel,546,True,False,Online Panel,5.0,,2020-10-30,2020-11-03,4,962.0,Joe Biden,13256,DEM,47.3,46.47900991387051,Donald Trump,13254,REP,50.0,52.05760360355265,-2.700000000000003,-5.578593689682137,4,2.878593689682134,2.878593689682134,True
72216,135480,6210,2020,US,Pres-G,2020_Pres-G_US,AtlasIntel,546,True,False,Online Panel,5.0,,2020-10-27,2020-11-03,7,1726.0,Joe Biden,13256,DEM,50.9,51.06781524282115,Donald Trump,13254,REP,46.2,46.67188775435952,4.699999999999996,4.395927488461631,7,0.3040725115383651,0.3040725115383651,True
72502,136060,6259,2020,WI,Pres-G,2020_Pres-G_WI,AtlasIntel,546,True,False,Online Panel,5.0,,2020-10-30,2020-11-03,4,781.0,Joe Biden,13256,DEM,50.6,49.44953686142774,Donald Trump,13254,REP,48.7,48.82243731960882,1.8999999999999984,0.6270995418189145,4,1.2729004581810839,1.2729004581810839,True
30787,37141,658,2012,CO,Pres-G,2012_Pres-G_CO,Ipsos,154,True,False,Online Panel,7.0,,2012-11-04,2012-11-06,2,774.0,Barack Obama,16,DEM,48.0,51.49214523168122,Mitt Romney,9,REP,47.0,46.1269839293067,1.0,5.365161302374524,2,-4.365161302374524,4.365161302374524,True
30785,37135,662,2012,FL,Pres-G,2012_Pres-G_FL,Ipsos,154,True,False,Online Panel,6.0,,2012-11-04,2012-11-06,2,769.0,Barack Obama,16,DEM,47.0,50.007865068698685,Mitt Romney,9,REP,48.0,49.13097776197552,-1.0,0.8768873067231624,2,-1.8768873067231624,1.8768873067231624,False
30783,37131,688,2012,OH,Pres-G,2012_Pres-G_OH,Ipsos,154,True,False,Online Panel,5.0,,2012-11-04,2012-11-06,2,680.0,Barack Obama,16,DEM,50.0,50.66674765831986,Mitt Romney,9,REP,46.0,47.68844087842257,4.0,2.978306779897295,2,1.021693220102705,1.021693220102705,True
30770,37112,37,2012,US,Pres-G,2012_Pres-G_US,Ipsos,154,True,False,Online Panel,5.0,,2012-11-03,2012-11-06,3,4725.0,Barack Obama,16,DEM,48.0,50.90918536886269,Mitt Romney,9,REP,46.0,46.97447054330086,2.0,3.9347148255618336,3,-1.9347148255618336,1.9347148255618336,True
30781,37127,698,2012,VA,Pres-G,2012_Pres-G_VA,Ipsos,154,True,False,Online Panel,6.0,,2012-11-04,2012-11-06,2,828.0,Barack Obama,16,DEM,48.0,51.15645679621864,Mitt Romney,9,REP,46.0,47.28310289638912,2.0,3.873353899829525,2,-1.873353899829525,1.873353899829525,True
48688,76268,603,2016,AL,Pres-G,2016_Pres-G_AL,Ipsos,154,True,False,Online Panel,4.0,,2016-10-30,2016-11-08,9,328.0,Hillary Rodham Clinton,9207,DEM,38.06,34.35794575797364,Donald Trump,9849,REP,54.15,62.08309236440906,-16.089999999999996,-27.725146606435423,9,11.635146606435427,11.635146606435427,True
48779,76364,604,2016,AR,Pres-G,2016_Pres-G_AR,Ipsos,154,True,False,Online Panel,4.0,,2016-10-27,2016-11-08,12,331.0,Hillary Rodham Clinton,9207,DEM,38.14,33.65312412936093,Donald Trump,9849,REP,53.35,60.57410216382829,-15.21,-26.92097803446736,12,11.71097803446736,11.71097803446736,True
48778,76363,605,2016,AZ,Pres-G,2016_Pres-G_AZ,Ipsos,154,True,False,Online Panel,4.0,,2016-10-30,2016-11-08,9,593.0,Hillary Rodham Clinton,9207,DEM,42.38,45.12491703028259,Donald Trump,9849,REP,47.1,48.67042485158719,-4.719999999999999,-3.545507821304604,9,-1.1744921786953948,1.1744921786953948,True
48690,76271,606,2016,CA,Pres-G,2016_Pres-G_CA,Ipsos,154,True,False,Online Panel,4.0,,2016-11-03,2016-11-08,5,726.0,Hillary Rodham Clinton,9207,DEM,58.85,61.72638863699762,Donald Trump,9849,REP,31.74,31.61711467898836,27.110000000000003,30.109273958009258,5,-2.9992739580092547,2.9992739580092547,True
48704,76285,607,2016,CO,Pres-G,2016_Pres-G_CO,Ipsos,154,True,False,Online Panel,4.0,,2016-10-30,2016-11-08,9,536.0,Hillary Rodham Clinton,9207,DEM,47.71,48.1569803828474,Donald Trump,9849,REP,42.33,43.25139737143104,5.380000000000003,4.905583011416361,9,0.47441698858364134,0.47441698858364134,True
48705,76286,608,2016,CT,Pres-G,2016_Pres-G_CT,Ipsos,154,True,False,Online Panel,4.0,,2016-10-30,2016-11-08,9,351.0,Hillary Rodham Clinton,9207,DEM,49.76,54.56630109670987,Donald Trump,9849,REP,39.7,40.92691437881478,10.059999999999995,13.639386717895093,9,-3.5793867178950975,3.5793867178950975,True
48780,76365,610,2016,DE,Pres-G,2016_Pres-G_DE,Ipsos,154,True,False,Online Panel,4.0,,2016-10-30,2016-11-08,9,138.0,Hillary Rodham Clinton,9207,DEM,52.03,53.08597745902562,Donald Trump,9849,REP,36.42,41.71274452811313,15.61,11.373232930912494,9,4.236767069087506,4.236767069087506,True
48691,76272,611,2016,FL,Pres-G,2016_Pres-G_FL,Ipsos,154,True,False,Online Panel,4.0,,2016-11-03,2016-11-08,5,888.0,Hillary Rodham Clinton,9207,DEM,47.66,47.82331580580505,Donald Trump,9849,REP,46.77,49.021941416590735,0.8899999999999935,-1.1986256107856832,5,2.0886256107856767,2.0886256107856767,False
48692,76273,612,2016,GA,Pres-G,2016_Pres-G_GA,Ipsos,154,True,False,Online Panel,4.0,,2016-11-03,2016-11-08,5,416.0,Hillary Rodham Clinton,9207,DEM,42.38,45.63998335736082,Donald Trump,9849,REP,47.79,50.771326054771,-5.409999999999997,-5.131342697410183,5,-0.2786573025898136,0.2786573025898136,True
48781,76366,613,2016,HI,Pres-G,2016_Pres-G_HI,Ipsos,154,True,False,Online Panel,4.0,,2016-10-30,2016-11-08,9,102.0,Hillary Rodham Clinton,9207,DEM,47.31,62.22149173421738,Donald Trump,9849,REP,28.75,30.038677008511737,18.56,32.18281472570564,9,-13.622814725705641,13.622814725705641,True
48783,76368,614,2016,IA,Pres-G,2016_Pres-G_IA,Ipsos,154,True,False,Online Panel,4.0,,2016-10-27,2016-11-08,12,416.0,Hillary Rodham Clinton,9207,DEM,44.07,41.75251344549624,Donald Trump,9849,REP,43.87,51.16206134467737,0.2000000000000028,-9.409547899181137,12,9.60954789918114,9.60954789918114,False
48782,76367,615,2016,ID,Pres-G,2016_Pres-G_ID,Ipsos,154,True,False,Online Panel,4.0,,2016-10-30,2016-11-08,9,205.0,Hillary Rodham Clinton,9207,DEM,30.06,27.492013820979206,Donald Trump,9849,REP,53.26,59.26143236919689,-23.2,-31.769418548217683,9,8.569418548217683,8.569418548217683,True
48693,76274,616,2016,IL,Pres-G,2016_Pres-G_IL,Ipsos,154,True,False,Online Panel,4.0,,2016-11-03,2016-11-08,5,482.0,Hillary Rodham Clinton,9207,DEM,51.3,55.8253666987933,Donald Trump,9849,REP,39.08,38.76175307382528,12.22,17.063613624968028,5,-4.843613624968027,4.843613624968027,True
48694,76275,617,2016,IN,Pres-G,2016_Pres-G_IN,Ipsos,154,True,False,Online Panel,4.0,,2016-11-03,2016-11-08,5,303.0,Hillary Rodham Clinton,9207,DEM,37.79,37.774839686752046,Donald Trump,9849,REP,53.68,56.94003344841128,-15.89,-19.165193761659232,5,3.2751937616592315,3.2751937616592315,True
48784,76369,618,2016,KS,Pres-G,2016_Pres-G_KS,Ipsos,154,True,False,Online Panel,4.0,,2016-10-27,2016-11-08,12,361.0,Hillary Rodham Clinton,9207,DEM,38.22,36.05237073223449,Donald Trump,9849,REP,54.45,56.65458180583958,-16.230000000000004,-20.602211073605083,12,4.372211073605079,4.372211073605079,True
48706,76287,619,2016,KY,Pres-G,2016_Pres-G_KY,Ipsos,154,True,False,Online Panel,4.0,,2016-10-30,2016-11-08,9,391.0,Hillary Rodham Clinton,9207,DEM,37.64,32.68218833364776,Donald Trump,9849,REP,58.29,62.519638551900094,-20.65,-29.837450218252336,9,9.187450218252337,9.187450218252337,True
48785,76370,620,2016,LA,Pres-G,2016_Pres-G_LA,Ipsos,154,True,False,Online Panel,4.0,,2016-10-27,2016-11-08,12,461.0,Hillary Rodham Clinton,9207,DEM,36.12,38.44956609851397,Donald Trump,9849,REP,51.56,58.0886846535688,-15.440000000000005,-19.63911855505483,12,4.199118555054824,4.199118555054824,True
48695,76276,621,2016,MA,Pres-G,2016_Pres-G_MA,Ipsos,154,True,False,Online Panel,4.0,,2016-11-03,2016-11-08,5,365.0,Hillary Rodham Clinton,9207,DEM,53.14,60.00506459158761,Donald Trump,9849,REP,35.79,32.808358140007684,17.35,27.196706451579928,5,-9.846706451579927,9.846706451579927,True
48707,76288,622,2016,MD,Pres-G,2016_Pres-G_MD,Ipsos,154,True,False,Online Panel,4.0,,2016-10-30,2016-11-08,9,472.0,Hillary Rodham Clinton,9207,DEM,55.69,60.32574423519277,Donald Trump,9849,REP,33.6,33.90930472854767,22.09,26.416439506645105,9,-4.326439506645105,4.326439506645105,True
48786,76371,623,2016,ME,Pres-G,2016_Pres-G_ME,Ipsos,154,True,False,Online Panel,4.0,,2016-10-30,2016-11-08,9,245.0,Hillary Rodham Clinton,9207,DEM,42.33,47.830202680208096,Donald Trump,9849,REP,35.08,44.86975333154171,7.25,2.960449348666387,9,4.289550651333613,4.289550651333613,True
48696,76277,624,2016,MI,Pres-G,2016_Pres-G_MI,Ipsos,154,True,False,Online Panel,4.0,,2016-11-03,2016-11-08,5,342.0,Hillary Rodham Clinton,9207,DEM,45.95,47.21581719335427,Donald Trump,9849,REP,44.53,47.43857346087157,1.4200000000000017,-0.2227562675172976,5,1.6427562675172993,1.6427562675172993,False
48708,76289,625,2016,MN,Pres-G,2016_Pres-G_MN,Ipsos,154,True,False,Online Panel,4.0,,2016-10-30,2016-11-08,9,647.0,Hillary Rodham Clinton,9207,DEM,43.9,46.44503396176695,Donald Trump,9849,REP,36.0,44.92519310427733,7.899999999999999,1.5198408574896265,9,6.380159142510372,6.380159142510372,True
48710,76291,626,2016,MO,Pres-G,2016_Pres-G_MO,Ipsos,154,True,False,Online Panel,4.0,,2016-10-30,2016-11-08,9,401.0,Hillary Rodham Clinton,9207,DEM,39.73,38.13527156927183,Donald Trump,9849,REP,48.01,56.77240847937871,-8.280000000000001,-18.63713691010688,9,10.357136910106878,10.357136910106878,True
48709,76290,627,2016,MS,Pres-G,2016_Pres-G_MS,Ipsos,154,True,False,Online Panel,4.0,,2016-10-30,2016-11-08,9,184.0,Hillary Rodham Clinton,9207,DEM,35.93,40.11478827178409,Donald Trump,9849,REP,53.09,57.94103808883564,-17.160000000000004,-17.826249817051547,9,0.6662498170515434,0.6662498170515434,True
48787,76372,628,2016,MT,Pres-G,2016_Pres-G_MT,Ipsos,154,True,False,Online Panel,4.0,,2016-10-30,2016-11-08,9,115.0,Hillary Rodham Clinton,9207,DEM,34.75,35.745765337013,Donald Trump,9849,REP,53.66,56.16849744642932,-18.91,-20.422732109416323,9,1.5127321094163229,1.5127321094163229,True
48699,76280,629,2016,NC,Pres-G,2016_Pres-G_NC,Ipsos,154,True,False,Online Panel,4.0,,2016-11-03,2016-11-08,5,371.0,Hillary Rodham Clinton,9207,DEM,46.0,46.172866168209474,Donald Trump,9849,REP,46.9,49.828094696180415,-0.8999999999999986,-3.655228527970941,5,2.7552285279709423,2.7552285279709423,True
48245,75546,630,2016,ND,Pres-G,2016_Pres-G_ND,Ipsos,154,True,False,Online Panel,4.0,,2016-10-30,2016-11-08,9,153.0,Hillary Rodham Clinton,9207,DEM,26.18,27.226739458706007,Donald Trump,9849,REP,49.74,62.9556278313393,-23.56,-35.72888837263329,9,12.168888372633294,12.168888372633294,True
48711,76292,631,2016,NE,Pres-G,2016_Pres-G_NE,Ipsos,154,True,False,Online Panel,4.0,,2016-10-30,2016-11-08,9,216.0,Hillary Rodham Clinton,9207,DEM,31.62,33.69875637713554,Donald Trump,9849,REP,53.27,58.74735112712576,-21.65,-25.048594749990222,9,3.398594749990224,3.398594749990224,True
48658,76374,632,2016,NH,Pres-G,2016_Pres-G_NH,Ipsos,154,True,False,Online Panel,4.0,,2016-10-30,2016-11-08,9,196.0,Hillary Rodham Clinton,9207,DEM,44.42,46.82626266969056,Donald Trump,9849,REP,41.81,46.45866698195341,2.6099999999999994,0.3675956877371433,9,2.242404312262856,2.242404312262856,True
48697,76278,633,2016,NJ,Pres-G,2016_Pres-G_NJ,Ipsos,154,True,False,Online Panel,4.0,,2016-11-03,2016-11-08,5,551.0,Hillary Rodham Clinton,9207,DEM,47.78,55.4530844496942,Donald Trump,9849,REP,37.86,41.35038665002945,9.920000000000002,14.102697799664751,5,-4.18269779966475,4.18269779966475,True
48789,76375,634,2016,NM,Pres-G,2016_Pres-G_NM,Ipsos,154,True,False,Online Panel,4.0,,2016-10-30,2016-11-08,9,158.0,Hillary Rodham Clinton,9207,DEM,40.94,48.255647178634106,Donald Trump,9849,REP,38.34,40.04251433324272,2.5999999999999943,8.213132845391385,9,-5.613132845391391,5.613132845391391,True
48788,76373,635,2016,NV,Pres-G,2016_Pres-G_NV,Ipsos,154,True,False,Online Panel,4.0,,2016-10-27,2016-11-08,12,339.0,Hillary Rodham Clinton,9207,DEM,45.39,47.91782367811904,Donald Trump,9849,REP,42.15,45.50069531760242,3.240000000000002,2.417128360516621,12,0.822871639483381,0.822871639483381,True
48698,76279,636,2016,NY,Pres-G,2016_Pres-G_NY,Ipsos,154,True,False,Online Panel,4.0,,2016-11-03,2016-11-08,5,552.0,Hillary Rodham Clinton,9207,DEM,51.49,56.722342284541526,Donald Trump,9849,REP,33.0,32.72884002531648,18.49,23.99350225922505,5,-5.503502259225051,5.503502259225051,True
48700,76281,637,2016,OH,Pres-G,2016_Pres-G_OH,Ipsos,154,True,False,Online Panel,4.0,,2016-11-03,2016-11-08,5,552.0,Hillary Rodham Clinton,9207,DEM,47.04,43.55807627672002,Donald Trump,9849,REP,46.0,51.68765067578619,1.0399999999999991,-8.129574399066165,5,9.169574399066164,9.169574399066164,False
48790,76376,638,2016,OK,Pres-G,2016_Pres-G_OK,Ipsos,154,True,False,Online Panel,4.0,,2016-10-27,2016-11-08,12,432.0,Hillary Rodham Clinton,9207,DEM,29.85,28.93168028454389,Donald Trump,9849,REP,60.78,65.32286481962736,-30.93,-36.39118453508346,12,5.461184535083461,5.461184535083461,True
48712,76293,639,2016,OR,Pres-G,2016_Pres-G_OR,Ipsos,154,True,False,Online Panel,4.0,,2016-10-30,2016-11-08,9,465.0,Hillary Rodham Clinton,9207,DEM,46.72,50.07185200286208,Donald Trump,9849,REP,37.04,39.094035184496754,9.68,10.977816818365326,9,-1.2978168183653267,1.2978168183653267,True
48701,76282,640,2016,PA,Pres-G,2016_Pres-G_PA,Ipsos,154,True,False,Online Panel,4.0,,2016-11-03,2016-11-08,5,498.0,Hillary Rodham Clinton,9207,DEM,48.2,47.46494918966543,Donald Trump,9849,REP,45.19,48.18333631228592,3.010000000000005,-0.7183871226204914,5,3.7283871226204965,3.7283871226204965,False
48713,76294,642,2016,SC,Pres-G,2016_Pres-G_SC,Ipsos,154,True,False,Online Panel,4.0,,2016-10-30,2016-11-08,9,251.0,Hillary Rodham Clinton,9207,DEM,43.61,40.67341978966509,Donald Trump,9849,REP,49.43,54.93933268569543,-5.82,-14.265912896030343,9,8.445912896030343,8.445912896030343,True
48791,76377,643,2016,SD,Pres-G,2016_Pres-G_SD,Ipsos,154,True,False,Online Panel,4.0,,2016-10-30,2016-11-08,9,114.0,Hillary Rodham Clinton,9207,DEM,29.45,31.737428159948987,Donald Trump,9849,REP,52.16,61.5307503789588,-22.71,-29.793322219009813,9,7.083322219009812,7.083322219009812,True
48714,76295,644,2016,TN,Pres-G,2016_Pres-G_TN,Ipsos,154,True,False,Online Panel,4.0,,2016-10-30,2016-11-08,9,538.0,Hillary Rodham Clinton,9207,DEM,36.33,34.71633279865009,Donald Trump,9849,REP,49.76,60.722033694214616,-13.43,-26.005700895564523,9,12.575700895564523,12.575700895564523,True
48702,76283,645,2016,TX,Pres-G,2016_Pres-G_TX,Ipsos,154,True,False,Online Panel,4.0,,2016-11-03,2016-11-08,5,646.0,Hillary Rodham Clinton,9207,DEM,39.3,43.23525798101196,Donald Trump,9849,REP,48.75,52.23468557933538,-9.450000000000005,-8.999427598323422,5,-0.45057240167658286,0.45057240167658286,True
48922,76636,94,2016,US,Pres-G,2016_Pres-G_US,Ipsos,154,True,False,Online Panel,4.0,,2016-11-04,2016-11-08,4,2195.0,Hillary Rodham Clinton,9207,DEM,42.0,47.99672181721133,Donald Trump,9849,REP,39.0,45.81540269576777,3.0,2.1813191214435577,4,0.8186808785564423,0.8186808785564423,True
48792,76378,646,2016,UT,Pres-G,2016_Pres-G_UT,Ipsos,154,True,False,Online Panel,4.0,,2016-10-27,2016-11-08,12,286.0,Hillary Rodham Clinton,9207,DEM,32.9,27.459545266522184,Donald Trump,9849,REP,39.66,45.53795868437707,-6.759999999999998,-18.078413417854883,12,11.318413417854885,11.318413417854885,True
48703,76284,647,2016,VA,Pres-G,2016_Pres-G_VA,Ipsos,154,True,False,Online Panel,4.0,,2016-11-03,2016-11-08,5,534.0,Hillary Rodham Clinton,9207,DEM,45.9,49.72789199301014,Donald Trump,9849,REP,41.11,44.40669663012711,4.789999999999999,5.321195362883032,5,-0.5311953628830333,0.5311953628830333,True
48255,75556,648,2016,VT,Pres-G,2016_Pres-G_VT,Ipsos,154,True,False,Online Panel,4.0,,2016-10-30,2016-11-08,9,106.0,Hillary Rodham Clinton,9207,DEM,48.27,56.67778599472493,Donald Trump,9849,REP,23.4,30.26943475514732,24.870000000000005,26.408351239577613,9,-1.538351239577608,1.538351239577608,True
48715,76296,649,2016,WA,Pres-G,2016_Pres-G_WA,Ipsos,154,True,False,Online Panel,4.0,,2016-10-30,2016-11-08,9,562.0,Hillary Rodham Clinton,9207,DEM,46.72,52.53868006182659,Donald Trump,9849,REP,38.48,36.83268018663746,8.240000000000002,15.705999875189129,9,-7.4659998751891266,7.4659998751891266,True
48717,76298,650,2016,WI,Pres-G,2016_Pres-G_WI,Ipsos,154,True,False,Online Panel,4.0,,2016-10-30,2016-11-08,9,625.0,Hillary Rodham Clinton,9207,DEM,45.92,46.45384137224266,Donald Trump,9849,REP,39.99,47.21818456731012,5.93,-0.7643431950674611,9,6.694343195067461,6.694343195067461,False
48716,76297,651,2016,WV,Pres-G,2016_Pres-G_WV,Ipsos,154,True,False,Online Panel,4.0,,2016-10-30,2016-11-08,9,180.0,Hillary Rodham Clinton,9207,DEM,34.22,26.426080907249627,Donald Trump,9849,REP,58.04,68.49877453553427,-23.82,-42.07269362828464,9,18.25269362828464,18.25269362828464,True
72653,136342,6214,2020,AZ,Pres-G,2020_Pres-G_AZ,Ipsos,154,True,False,Probability Panel,9.5,,2020-10-30,2020-11-03,4,610.0,Joe Biden,13256,DEM,50.0,49.364690614366616,Donald Trump,13254,REP,47.0,49.05598103046474,3.0,0.308709583901873,4,2.691290416098127,2.691290416098127,True
72658,136361,6220,2020,FL,Pres-G,2020_Pres-G_FL,Ipsos,154,True,False,Probability Panel,9.5,,2020-10-29,2020-11-03,5,670.0,Joe Biden,13256,DEM,50.0,47.86145072544223,Donald Trump,13254,REP,46.0,51.21981962250403,4.0,-3.3583688970618013,5,7.358368897061801,7.358368897061801,False
72508,136073,6233,2020,MI,Pres-G,2020_Pres-G_MI,Ipsos,154,True,False,Probability Panel,9.5,,2020-10-29,2020-11-03,5,654.0,Joe Biden,13256,DEM,53.0,50.62081829082437,Donald Trump,13254,REP,43.0,47.83729069113762,10.0,2.783527599686749,5,7.2164724003132505,7.2164724003132505,True
72659,136362,6238,2020,NC,Pres-G,2020_Pres-G_NC,Ipsos,154,True,False,Probability Panel,9.5,,2020-10-29,2020-11-03,5,707.0,Joe Biden,13256,DEM,49.0,48.586194188970325,Donald Trump,13254,REP,48.0,49.93435061225701,1.0,-1.3481564232866887,5,2.3481564232866887,2.3481564232866887,False
72507,136070,6249,2020,PA,Pres-G,2020_Pres-G_PA,Ipsos,154,True,False,Probability Panel,9.5,,2020-10-29,2020-11-03,5,673.0,Joe Biden,13256,DEM,51.0,50.00849567544814,Donald Trump,13254,REP,45.0,48.84361204017247,6.0,1.1648836352756715,5,4.835116364724328,4.835116364724328,True
72717,136487,6210,2020,US,Pres-G,2020_Pres-G_US,Ipsos,154,True,False,Probability Panel,9.5,,2020-11-01,2020-11-03,2,914.0,Joe Biden,13256,DEM,52.0,51.06781524282115,Donald Trump,13254,REP,45.0,46.67188775435952,7.0,4.395927488461631,2,2.6040725115383694,2.6040725115383694,True
72505,136067,6259,2020,WI,Pres-G,2020_Pres-G_WI,Ipsos,154,True,False,Probability Panel,9.5,,2020-10-29,2020-11-03,5,696.0,Joe Biden,13256,DEM,53.0,49.44953686142774,Donald Trump,13254,REP,43.0,48.82243731960882,10.0,0.6270995418189145,5,9.372900458181086,9.372900458181086,True
30316,36347,658,2012,CO,Pres-G,2012_Pres-G_CO,Marist,183,True,False,Live Phone,9.0,,2012-10-23,2012-11-06,14,1128.0,Barack Obama,16,DEM,48.0,51.49214523168122,Mitt Romney,9,REP,48.0,46.1269839293067,0.0,5.365161302374524,14,-5.365161302374524,5.365161302374524,False
30629,36839,662,2012,FL,Pres-G,2012_Pres-G_FL,Marist,183,True,False,Live Phone,9.0,,2012-10-31,2012-11-06,6,1545.0,Barack Obama,16,DEM,49.0,50.007865068698685,Mitt Romney,9,REP,47.0,49.13097776197552,2.0,0.8768873067231624,6,1.1231126932768376,1.1231126932768376,True
30539,36702,665,2012,IA,Pres-G,2012_Pres-G_IA,Marist,183,True,False,Live Phone,9.0,,2012-10-28,2012-11-06,9,1142.0,Barack Obama,16,DEM,50.0,51.98801653414908,Mitt Romney,9,REP,44.0,46.17786851053609,6.0,5.810148023612989,9,0.18985197638701123,0.18985197638701123,True
29619,35295,680,2012,NC,Pres-G,2012_Pres-G_NC,Marist,183,True,False,Live Phone,8.0,,2012-09-24,2012-11-06,43,1035.0,Barack Obama,16,DEM,48.0,48.35096857706756,Mitt Romney,9,REP,46.0,50.39306410214295,2.0,-2.0420955250753963,43,4.042095525075396,4.042095525075396,False
30538,36700,683,2012,NH,Pres-G,2012_Pres-G_NH,Marist,183,True,False,Live Phone,9.0,,2012-10-28,2012-11-06,9,1013.0,Barack Obama,16,DEM,49.0,51.97968415071198,Mitt Romney,9,REP,47.0,46.40379649268888,2.0,5.575887658023099,9,-3.575887658023099,3.575887658023099,True
30314,36343,686,2012,NV,Pres-G,2012_Pres-G_NV,Marist,183,True,False,Live Phone,9.0,,2012-10-23,2012-11-06,14,1042.0,Barack Obama,16,DEM,50.0,52.35624947040056,Mitt Romney,9,REP,47.0,45.67531564126363,3.0,6.680933829136933,14,-3.680933829136933,3.680933829136933,True
30282,36306,687,2012,NY,Pres-G,2012_Pres-G_NY,Marist,183,True,False,Live Phone,8.0,,2012-10-20,2012-11-06,17,565.0,Barack Obama,16,DEM,61.0,60.760932948702994,Mitt Romney,9,REP,35.0,31.241570989167872,26.0,29.51936195953512,17,-3.5193619595351215,3.5193619595351215,True
30627,36833,688,2012,OH,Pres-G,2012_Pres-G_OH,Marist,183,True,False,Live Phone,9.0,,2012-10-31,2012-11-06,6,971.0,Barack Obama,16,DEM,51.0,50.66674765831986,Mitt Romney,9,REP,45.0,47.68844087842257,6.0,2.978306779897295,6,3.021693220102705,3.021693220102705,True
30746,37056,698,2012,VA,Pres-G,2012_Pres-G_VA,Marist,183,True,False,Live Phone,9.0,,2012-11-01,2012-11-06,5,1165.0,Barack Obama,16,DEM,48.0,51.15645679621864,Mitt Romney,9,REP,47.0,47.28310289638912,1.0,3.873353899829525,5,-2.873353899829525,2.873353899829525,True
30534,36695,701,2012,WI,Pres-G,2012_Pres-G_WI,Marist,183,True,False,Live Phone,9.0,,2012-10-28,2012-11-06,9,1065.0,Barack Obama,16,DEM,49.0,52.77616253515459,Mitt Romney,9,REP,46.0,45.93834671361976,3.0,6.837815821534832,9,-3.837815821534832,3.837815821534832,True
48211,75509,605,2016,AZ,Pres-G,2016_Pres-G_AZ,Marist,183,True,False,Live Phone,9.0,,2016-10-31,2016-11-08,8,719.0,Hillary Rodham Clinton,9207,DEM,40.0,45.12491703028259,Donald Trump,9849,REP,45.0,48.67042485158719,-5.0,-3.545507821304604,8,-1.454492178695396,1.454492178695396,True
47776,74770,611,2016,FL,Pres-G,2016_Pres-G_FL,Marist,183,True,False,Live Phone,9.0,,2016-10-25,2016-11-08,14,779.0,Hillary Rodham Clinton,9207,DEM,45.0,47.82331580580505,Donald Trump,9849,REP,44.0,49.021941416590735,1.0,-1.1986256107856832,14,2.198625610785683,2.198625610785683,False
48209,75507,612,2016,GA,Pres-G,2016_Pres-G_GA,Marist,183,True,False,Live Phone,9.0,,2016-10-31,2016-11-08,8,707.0,Hillary Rodham Clinton,9207,DEM,44.0,45.63998335736082,Donald Trump,9849,REP,45.0,50.771326054771,-1.0,-5.131342697410183,8,4.131342697410183,4.131342697410183,True
47775,74766,629,2016,NC,Pres-G,2016_Pres-G_NC,Marist,183,True,False,Live Phone,9.0,,2016-10-25,2016-11-08,14,780.0,Hillary Rodham Clinton,9207,DEM,47.0,46.172866168209474,Donald Trump,9849,REP,41.0,49.828094696180415,6.0,-3.655228527970941,14,9.655228527970941,9.655228527970941,False
47539,74346,632,2016,NH,Pres-G,2016_Pres-G_NH,Marist,183,True,False,Live Phone,9.0,,2016-10-22,2016-11-08,17,768.0,Hillary Rodham Clinton,9207,DEM,45.0,46.82626266969056,Donald Trump,9849,REP,36.0,46.45866698195341,9.0,0.3675956877371433,17,8.632404312262857,8.632404312262857,True
47540,74347,635,2016,NV,Pres-G,2016_Pres-G_NV,Marist,183,True,False,Live Phone,9.0,,2016-10-22,2016-11-08,17,707.0,Hillary Rodham Clinton,9207,DEM,43.0,47.91782367811904,Donald Trump,9849,REP,43.0,45.50069531760242,0.0,2.417128360516621,17,-2.417128360516621,2.417128360516621,False
46157,72159,636,2016,NY,Pres-G,2016_Pres-G_NY,Marist,183,True,False,Live Phone,9.0,,2016-09-22,2016-11-08,47,676.0,Hillary Rodham Clinton,9207,DEM,52.0,56.722342284541526,Donald Trump,9849,REP,31.0,32.72884002531648,21.0,23.99350225922505,47,-2.9935022592250498,2.9935022592250498,True
46789,73167,637,2016,OH,Pres-G,2016_Pres-G_OH,Marist,183,True,False,Live Phone,9.0,,2016-10-11,2016-11-08,28,724.0,Hillary Rodham Clinton,9207,DEM,41.0,43.55807627672002,Donald Trump,9849,REP,42.0,51.68765067578619,-1.0,-8.129574399066165,28,7.129574399066165,7.129574399066165,True
46567,72837,640,2016,PA,Pres-G,2016_Pres-G_PA,Marist,183,True,False,Live Phone,9.0,,2016-10-05,2016-11-08,34,709.0,Hillary Rodham Clinton,9207,DEM,49.0,47.46494918966543,Donald Trump,9849,REP,37.0,48.18333631228592,12.0,-0.7183871226204914,34,12.718387122620491,12.718387122620491,False
48210,75508,645,2016,TX,Pres-G,2016_Pres-G_TX,Marist,183,True,False,Live Phone,9.0,,2016-10-31,2016-11-08,8,679.0,Hillary Rodham Clinton,9207,DEM,40.0,43.23525798101196,Donald Trump,9849,REP,49.0,52.23468557933538,-9.0,-8.999427598323422,8,-0.000572401676578238,0.000572401676578238,True
48362,75818,94,2016,US,Pres-G,2016_Pres-G_US,Marist,183,True,False,Live Phone,9.0,,2016-11-02,2016-11-08,6,940.0,Hillary Rodham Clinton,9207,DEM,44.0,47.99672181721133,Donald Trump,9849,REP,43.0,45.81540269576777,1.0,2.1813191214435577,6,-1.1813191214435577,1.1813191214435577,True
72649,136324,6214,2020,AZ,Pres-G,2020_Pres-G_AZ,Marist,183,True,False,Live Phone,9.0,,2020-10-31,2020-11-03,3,717.0,Joe Biden,13256,DEM,48.0,49.364690614366616,Donald Trump,13254,REP,48.0,49.05598103046474,0.0,0.308709583901873,3,-0.308709583901873,0.308709583901873,False
72175,135376,6220,2020,FL,Pres-G,2020_Pres-G_FL,Marist,183,True,False,Live Phone,9.0,,2020-10-26,2020-11-03,8,743.0,Joe Biden,13256,DEM,51.0,47.86145072544223,Donald Trump,13254,REP,47.0,51.21981962250403,4.0,-3.3583688970618013,8,7.358368897061801,7.358368897061801,False
69995,130356,6233,2020,MI,Pres-G,2020_Pres-G_MI,Marist,183,True,False,Live Phone,9.0,,2020-09-21,2020-11-03,43,799.0,Joe Biden,13256,DEM,52.0,50.62081829082437,Donald Trump,13254,REP,44.0,47.83729069113762,8.0,2.783527599686749,43,5.2164724003132505,5.2164724003132505,True
72331,135702,6238,2020,NC,Pres-G,2020_Pres-G_NC,Marist,183,True,False,Live Phone,9.0,,2020-10-27,2020-11-03,7,800.0,Joe Biden,13256,DEM,52.0,48.586194188970325,Donald Trump,13254,REP,46.0,49.93435061225701,6.0,-1.3481564232866887,7,7.348156423286689,7.348156423286689,False
72650,136326,6249,2020,PA,Pres-G,2020_Pres-G_PA,Marist,183,True,False,Live Phone,9.0,,2020-10-31,2020-11-03,3,772.0,Joe Biden,13256,DEM,51.0,50.00849567544814,Donald Trump,13254,REP,46.0,48.84361204017247,5.0,1.1648836352756715,3,3.8351163647243283,3.8351163647243283,True
71100,133102,6210,2020,US,Pres-G,2020_Pres-G_US,Marist,183,True,False,Live Phone,9.0,,2020-10-10,2020-11-03,24,896.0,Joe Biden,13256,DEM,54.0,51.06781524282115,Donald Trump,13254,REP,43.0,46.67188775435952,11.0,4.395927488461631,24,6.604072511538369,6.604072511538369,True
69996,130357,6259,2020,WI,Pres-G,2020_Pres-G_WI,Marist,183,True,False,Live Phone,9.0,,2020-09-22,2020-11-03,42,727.0,Joe Biden,13256,DEM,54.0,49.44953686142774,Donald Trump,13254,REP,44.0,48.82243731960882,10.0,0.6270995418189145,42,9.372900458181086,9.372900458181086,True
30685,36956,656,2012,AZ,Pres-G,2012_Pres-G_AZ,YouGov,391,False,False,Online Panel,8.0,,2012-11-02,2012-11-06,4,702.0,Barack Obama,16,DEM,44.0,44.58976694179938,Mitt Romney,9,REP,52.0,53.65453316597471,-8.0,-9.064766224175322,4,1.0647662241753224,1.0647662241753224,True
30703,36991,657,2012,CA,Pres-G,2012_Pres-G_CA,YouGov,391,False,False,Online Panel,8.0,,2012-11-02,2012-11-06,4,1575.0,Barack Obama,16,DEM,55.0,60.23895914168964,Mitt Romney,9,REP,40.0,37.1203785207048,15.0,23.118580620984844,4,-8.118580620984844,8.118580620984844,True
30712,37008,658,2012,CO,Pres-G,2012_Pres-G_CO,YouGov,391,False,False,Online Panel,8.0,,2012-11-02,2012-11-06,4,752.0,Barack Obama,16,DEM,48.0,51.49214523168122,Mitt Romney,9,REP,47.0,46.1269839293067,1.0,5.365161302374524,4,-4.365161302374524,4.365161302374524,True
30702,36989,659,2012,CT,Pres-G,2012_Pres-G_CT,YouGov,391,False,False,Online Panel,8.0,,2012-11-02,2012-11-06,4,895.0,Barack Obama,16,DEM,54.0,58.05684558936727,Mitt Romney,9,REP,39.0,40.725355365115206,15.0,17.331490224252065,4,-2.3314902242520645,2.3314902242520645,True
30711,37006,662,2012,FL,Pres-G,2012_Pres-G_FL,YouGov,391,False,False,Online Panel,7.0,,2012-11-02,2012-11-06,4,1621.0,Barack Obama,16,DEM,47.0,50.007865068698685,Mitt Romney,9,REP,48.0,49.13097776197552,-1.0,0.8768873067231624,4,-1.8768873067231624,1.8768873067231624,False
30687,36960,663,2012,GA,Pres-G,2012_Pres-G_GA,YouGov,391,False,False,Online Panel,9.0,,2012-11-02,2012-11-06,4,1070.0,Barack Obama,16,DEM,44.0,45.48216048512199,Mitt Romney,9,REP,52.0,53.29900898706427,-8.0,-7.816848501942282,4,-0.18315149805771824,0.18315149805771824,True
30710,37004,665,2012,IA,Pres-G,2012_Pres-G_IA,YouGov,391,False,False,Online Panel,8.0,,2012-11-02,2012-11-06,4,1040.0,Barack Obama,16,DEM,48.0,51.98801653414908,Mitt Romney,9,REP,47.0,46.17786851053609,1.0,5.810148023612989,4,-4.810148023612989,4.810148023612989,True
30701,36987,667,2012,IL,Pres-G,2012_Pres-G_IL,YouGov,391,False,False,Online Panel,8.0,,2012-11-02,2012-11-06,4,1126.0,Barack Obama,16,DEM,57.0,57.60213536247709,Mitt Romney,9,REP,38.0,40.7327412708169,19.0,16.86939409166019,4,2.1306059083398097,2.1306059083398097,True
30688,36961,668,2012,IN,Pres-G,2012_Pres-G_IN,YouGov,391,False,False,Online Panel,8.0,,2012-11-02,2012-11-06,4,768.0,Barack Obama,16,DEM,44.0,43.9273029040584,Mitt Romney,9,REP,51.0,54.12553238022445,-7.0,-10.198229476166055,4,3.1982294761660555,3.1982294761660555,True
30700,36985,672,2012,MA,Pres-G,2012_Pres-G_MA,YouGov,391,False,False,Online Panel,8.0,,2012-11-02,2012-11-06,4,811.0,Barack Obama,16,DEM,57.0,60.33830832021647,Mitt Romney,9,REP,37.0,37.31912231533487,20.0,23.019186004881604,4,-3.019186004881604,3.019186004881604,True
30699,36983,673,2012,MD,Pres-G,2012_Pres-G_MD,YouGov,391,False,False,Online Panel,8.0,,2012-11-02,2012-11-06,4,705.0,Barack Obama,16,DEM,59.0,61.97419077931849,Mitt Romney,9,REP,37.0,35.89773233894539,22.0,26.076458440373106,4,-4.076458440373106,4.076458440373106,True
30698,36981,675,2012,MI,Pres-G,2012_Pres-G_MI,YouGov,391,False,False,Online Panel,8.0,,2012-11-02,2012-11-06,4,1091.0,Barack Obama,16,DEM,51.0,54.20820421051875,Mitt Romney,9,REP,44.0,44.71091602742023,7.0,9.497288183098526,4,-2.497288183098526,2.497288183098526,True
30697,36979,676,2012,MN,Pres-G,2012_Pres-G_MN,YouGov,391,False,False,Online Panel,8.0,,2012-11-02,2012-11-06,4,790.0,Barack Obama,16,DEM,50.0,52.65230315324626,Mitt Romney,9,REP,43.0,44.958201106668646,7.0,7.694102046577612,4,-0.694102046577612,0.694102046577612,True
30689,36963,677,2012,MO,Pres-G,2012_Pres-G_MO,YouGov,391,False,False,Online Panel,8.0,,2012-11-02,2012-11-06,4,779.0,Barack Obama,16,DEM,42.0,44.38348354545333,Mitt Romney,9,REP,53.0,53.76374113587708,-11.0,-9.380257590423753,4,-1.6197424095762472,1.6197424095762472,True
30709,37003,680,2012,NC,Pres-G,2012_Pres-G_NC,YouGov,391,False,False,Online Panel,9.0,,2012-11-02,2012-11-06,4,1500.0,Barack Obama,16,DEM,47.0,48.35096857706756,Mitt Romney,9,REP,49.0,50.39306410214295,-2.0,-2.0420955250753963,4,0.04209552507539627,0.04209552507539627,True
30707,36999,683,2012,NH,Pres-G,2012_Pres-G_NH,YouGov,391,False,False,Online Panel,9.0,,2012-11-02,2012-11-06,4,690.0,Barack Obama,16,DEM,47.0,51.97968415071198,Mitt Romney,9,REP,43.0,46.40379649268888,4.0,5.575887658023099,4,-1.575887658023099,1.575887658023099,True
30696,36977,684,2012,NJ,Pres-G,2012_Pres-G_NJ,YouGov,391,False,False,Online Panel,9.0,,2012-11-02,2012-11-06,4,987.0,Barack Obama,16,DEM,53.0,58.3423549106376,Mitt Romney,9,REP,41.0,40.62356482714439,12.0,17.718790083493218,4,-5.718790083493218,5.718790083493218,True
30695,36975,685,2012,NM,Pres-G,2012_Pres-G_NM,YouGov,391,False,False,Online Panel,8.0,,2012-11-02,2012-11-06,4,650.0,Barack Obama,16,DEM,49.0,52.99276052046677,Mitt Romney,9,REP,43.0,42.84332663909013,6.0,10.149433881376645,4,-4.149433881376645,4.149433881376645,True
30706,36997,686,2012,NV,Pres-G,2012_Pres-G_NV,YouGov,391,False,False,Online Panel,10.0,,2012-11-02,2012-11-06,4,732.0,Barack Obama,16,DEM,49.0,52.35624947040056,Mitt Romney,9,REP,45.0,45.67531564126363,4.0,6.680933829136933,4,-2.680933829136933,2.680933829136933,True
30694,36973,687,2012,NY,Pres-G,2012_Pres-G_NY,YouGov,391,False,False,Online Panel,9.0,,2012-11-02,2012-11-06,4,1430.0,Barack Obama,16,DEM,59.0,60.760932948702994,Mitt Romney,9,REP,36.0,31.241570989167872,23.0,29.51936195953512,4,-6.5193619595351215,6.5193619595351215,True
30705,36995,688,2012,OH,Pres-G,2012_Pres-G_OH,YouGov,391,False,False,Online Panel,9.0,,2012-11-02,2012-11-06,4,1620.0,Barack Obama,16,DEM,49.0,50.66674765831986,Mitt Romney,9,REP,46.0,47.68844087842257,3.0,2.978306779897295,4,0.021693220102704913,0.021693220102704913,True
30693,36971,691,2012,PA,Pres-G,2012_Pres-G_PA,YouGov,391,False,False,Online Panel,8.0,,2012-11-02,2012-11-06,4,1273.0,Barack Obama,16,DEM,52.0,51.97159378275084,Mitt Romney,9,REP,44.0,46.586509132432,8.0,5.385084650318838,4,2.614915349681162,2.614915349681162,True
30690,36965,695,2012,TN,Pres-G,2012_Pres-G_TN,YouGov,391,False,False,Online Panel,8.0,,2012-11-02,2012-11-06,4,697.0,Barack Obama,16,DEM,42.0,39.07581499379519,Mitt Romney,9,REP,53.0,59.47871471993759,-11.0,-20.402899726142397,4,9.402899726142397,9.402899726142397,True
30691,36967,696,2012,TX,Pres-G,2012_Pres-G_TX,YouGov,391,False,False,Online Panel,8.0,,2012-11-02,2012-11-06,4,1563.0,Barack Obama,16,DEM,38.0,41.383358283760856,Mitt Romney,9,REP,57.0,57.16697746805639,-19.0,-15.783619184295532,4,-3.2163808157044684,3.2163808157044684,True
42239,159407,37,2012,US,Pres-G,2012_Pres-G_US,YouGov,391,False,False,Online Panel,8.0,,2012-11-04,2012-11-06,2,740.0,Barack Obama,16,DEM,49.0,50.90918536886269,Mitt Romney,9,REP,47.0,46.97447054330086,2.0,3.9347148255618336,2,-1.9347148255618336,1.9347148255618336,True
30708,37001,698,2012,VA,Pres-G,2012_Pres-G_VA,YouGov,391,False,False,Online Panel,8.0,,2012-11-02,2012-11-06,4,1497.0,Barack Obama,16,DEM,48.0,51.15645679621864,Mitt Romney,9,REP,46.0,47.28310289638912,2.0,3.873353899829525,4,-1.873353899829525,1.873353899829525,True
30692,36969,700,2012,WA,Pres-G,2012_Pres-G_WA,YouGov,391,False,False,Online Panel,7.0,,2012-11-02,2012-11-06,4,837.0,Barack Obama,16,DEM,54.0,56.16339829967277,Mitt Romney,9,REP,40.0,41.29462143210913,14.0,14.86877686756364,4,-0.8687768675636391,0.8687768675636391,True
30704,36993,701,2012,WI,Pres-G,2012_Pres-G_WI,YouGov,391,False,False,Online Panel,9.0,,2012-11-02,2012-11-06,4,1225.0,Barack Obama,16,DEM,50.0,52.77616253515459,Mitt Romney,9,REP,46.0,45.93834671361976,4.0,6.837815821534832,4,-2.837815821534832,2.837815821534832,True
48720,76301,602,2016,AK,Pres-G,2016_Pres-G_AK,YouGov,391,False,False,Online Panel,10.0,,2016-10-20,2016-11-08,19,201.0,Hillary Rodham Clinton,9207,DEM,37.4,36.55087129011199,Donald Trump,9849,REP,37.7,51.281512077537286,-0.3000000000000042,-14.7306407874253,19,14.430640787425295,14.430640787425295,True
48719,76300,603,2016,AL,Pres-G,2016_Pres-G_AL,YouGov,391,False,False,Online Panel,10.0,,2016-10-20,2016-11-08,19,1388.0,Hillary Rodham Clinton,9207,DEM,31.6,34.35794575797364,Donald Trump,9849,REP,52.6,62.08309236440906,-21.0,-27.725146606435423,19,6.725146606435423,6.725146606435423,True
48722,76303,604,2016,AR,Pres-G,2016_Pres-G_AR,YouGov,391,False,False,Online Panel,10.0,,2016-10-20,2016-11-08,19,736.0,Hillary Rodham Clinton,9207,DEM,30.5,33.65312412936093,Donald Trump,9849,REP,48.0,60.57410216382829,-17.5,-26.92097803446736,19,9.42097803446736,9.42097803446736,True
47778,74788,605,2016,AZ,Pres-G,2016_Pres-G_AZ,YouGov,391,False,False,Live Phone/Online Panel,9.0,,2016-10-27,2016-11-08,12,994.0,Hillary Rodham Clinton,9207,DEM,42.0,45.12491703028259,Donald Trump,9849,REP,44.0,48.67042485158719,-2.0,-3.545507821304604,12,1.545507821304604,1.545507821304604,True
48125,75391,606,2016,CA,Pres-G,2016_Pres-G_CA,YouGov,391,False,False,Online Panel,6.0,,2016-10-28,2016-11-08,11,1498.0,Hillary Rodham Clinton,9207,DEM,53.0,61.72638863699762,Donald Trump,9849,REP,33.0,31.61711467898836,20.0,30.109273958009258,11,-10.109273958009258,10.109273958009258,True
47780,74790,607,2016,CO,Pres-G,2016_Pres-G_CO,YouGov,391,False,False,Live Phone/Online Panel,9.0,,2016-10-27,2016-11-08,12,997.0,Hillary Rodham Clinton,9207,DEM,42.0,48.1569803828474,Donald Trump,9849,REP,39.0,43.25139737143104,3.0,4.905583011416361,12,-1.9055830114163612,1.9055830114163612,True
48725,76306,608,2016,CT,Pres-G,2016_Pres-G_CT,YouGov,391,False,False,Online Panel,10.0,,2016-10-20,2016-11-08,19,955.0,Hillary Rodham Clinton,9207,DEM,46.6,54.56630109670987,Donald Trump,9849,REP,35.8,40.92691437881478,10.800000000000004,13.639386717895093,19,-2.8393867178950885,2.8393867178950885,True
48727,76308,609,2016,DC,Pres-G,2016_Pres-G_DC,YouGov,391,False,False,Online Panel,10.0,,2016-10-20,2016-11-08,19,190.0,Hillary Rodham Clinton,9207,DEM,79.8,90.86382152999988,Donald Trump,9849,REP,6.8,4.087474459308377,73.0,86.7763470706915,19,-13.7763470706915,13.7763470706915,True
48726,76307,610,2016,DE,Pres-G,2016_Pres-G_DE,YouGov,391,False,False,Online Panel,10.0,,2016-10-20,2016-11-08,19,260.0,Hillary Rodham Clinton,9207,DEM,50.7,53.08597745902562,Donald Trump,9849,REP,31.6,41.71274452811313,19.1,11.373232930912494,19,7.726767069087508,7.726767069087508,True
48482,75978,611,2016,FL,Pres-G,2016_Pres-G_FL,YouGov,391,False,False,Live Phone/Online Panel,9.0,,2016-11-03,2016-11-08,5,1188.0,Hillary Rodham Clinton,9207,DEM,45.0,47.82331580580505,Donald Trump,9849,REP,45.0,49.021941416590735,0.0,-1.1986256107856832,5,1.1986256107856832,1.1986256107856832,False
48682,76245,612,2016,GA,Pres-G,2016_Pres-G_GA,YouGov,391,False,False,Online Panel,6.0,,2016-11-04,2016-11-08,4,995.0,Hillary Rodham Clinton,9207,DEM,43.0,45.63998335736082,Donald Trump,9849,REP,49.0,50.771326054771,-6.0,-5.131342697410183,4,-0.868657302589817,0.868657302589817,True
48730,76311,613,2016,HI,Pres-G,2016_Pres-G_HI,YouGov,391,False,False,Online Panel,10.0,,2016-10-20,2016-11-08,19,289.0,Hillary Rodham Clinton,9207,DEM,50.3,62.22149173421738,Donald Trump,9849,REP,27.9,30.038677008511737,22.4,32.18281472570564,19,-9.782814725705641,9.782814725705641,True
48734,76315,614,2016,IA,Pres-G,2016_Pres-G_IA,YouGov,391,False,False,Online Panel,10.0,,2016-10-20,2016-11-08,19,972.0,Hillary Rodham Clinton,9207,DEM,40.4,41.75251344549624,Donald Trump,9849,REP,37.3,51.16206134467737,3.1000000000000014,-9.409547899181137,19,12.509547899181138,12.509547899181138,False
48731,76312,615,2016,ID,Pres-G,2016_Pres-G_ID,YouGov,391,False,False,Online Panel,10.0,,2016-10-20,2016-11-08,19,416.0,Hillary Rodham Clinton,9207,DEM,25.3,27.492013820979206,Donald Trump,9849,REP,44.8,59.26143236919689,-19.5,-31.769418548217683,19,12.269418548217683,12.269418548217683,True
48732,76313,616,2016,IL,Pres-G,2016_Pres-G_IL,YouGov,391,False,False,Online Panel,10.0,,2016-10-20,2016-11-08,19,3448.0,Hillary Rodham Clinton,9207,DEM,48.3,55.8253666987933,Donald Trump,9849,REP,33.1,38.76175307382528,15.199999999999996,17.063613624968028,19,-1.863613624968032,1.863613624968032,True
48733,76314,617,2016,IN,Pres-G,2016_Pres-G_IN,YouGov,391,False,False,Online Panel,10.0,,2016-10-20,2016-11-08,19,1742.0,Hillary Rodham Clinton,9207,DEM,36.6,37.774839686752046,Donald Trump,9849,REP,43.8,56.94003344841128,-7.199999999999996,-19.165193761659232,19,11.965193761659236,11.965193761659236,True
48735,76316,618,2016,KS,Pres-G,2016_Pres-G_KS,YouGov,391,False,False,Online Panel,10.0,,2016-10-20,2016-11-08,19,776.0,Hillary Rodham Clinton,9207,DEM,31.6,36.05237073223449,Donald Trump,9849,REP,47.5,56.65458180583958,-15.9,-20.602211073605083,19,4.702211073605083,4.702211073605083,True
48736,76317,619,2016,KY,Pres-G,2016_Pres-G_KY,YouGov,391,False,False,Online Panel,10.0,,2016-10-20,2016-11-08,19,1229.0,Hillary Rodham Clinton,9207,DEM,32.2,32.68218833364776,Donald Trump,9849,REP,52.2,62.519638551900094,-20.0,-29.837450218252336,19,9.837450218252336,9.837450218252336,True
48737,76318,620,2016,LA,Pres-G,2016_Pres-G_LA,YouGov,391,False,False,Online Panel,10.0,,2016-10-20,2016-11-08,19,1355.0,Hillary Rodham Clinton,9207,DEM,35.9,38.44956609851397,Donald Trump,9849,REP,47.3,58.0886846535688,-11.4,-19.63911855505483,19,8.239118555054828,8.239118555054828,True
48740,76321,621,2016,MA,Pres-G,2016_Pres-G_MA,YouGov,391,False,False,Online Panel,10.0,,2016-10-20,2016-11-08,19,1963.0,Hillary Rodham Clinton,9207,DEM,51.3,60.00506459158761,Donald Trump,9849,REP,28.6,32.808358140007684,22.7,27.196706451579928,19,-4.496706451579929,4.496706451579929,True
48739,76320,622,2016,MD,Pres-G,2016_Pres-G_MD,YouGov,391,False,False,Online Panel,10.0,,2016-10-20,2016-11-08,19,1652.0,Hillary Rodham Clinton,9207,DEM,55.0,60.32574423519277,Donald Trump,9849,REP,29.2,33.90930472854767,25.8,26.416439506645105,19,-0.6164395066451043,0.6164395066451043,True
48738,76319,623,2016,ME,Pres-G,2016_Pres-G_ME,YouGov,391,False,False,Online Panel,10.0,,2016-10-20,2016-11-08,19,437.0,Hillary Rodham Clinton,9207,DEM,38.7,47.830202680208096,Donald Trump,9849,REP,34.0,44.86975333154171,4.700000000000003,2.960449348666387,19,1.7395506513336159,1.7395506513336159,True
48741,76322,624,2016,MI,Pres-G,2016_Pres-G_MI,YouGov,391,False,False,Online Panel,10.0,,2016-10-20,2016-11-08,19,3014.0,Hillary Rodham Clinton,9207,DEM,42.0,47.21581719335427,Donald Trump,9849,REP,36.0,47.43857346087157,6.0,-0.2227562675172976,19,6.222756267517298,6.222756267517298,False
48742,76323,625,2016,MN,Pres-G,2016_Pres-G_MN,YouGov,391,False,False,Online Panel,10.0,,2016-10-20,2016-11-08,19,1736.0,Hillary Rodham Clinton,9207,DEM,42.3,46.44503396176695,Donald Trump,9849,REP,35.9,44.92519310427733,6.399999999999999,1.5198408574896265,19,4.880159142510372,4.880159142510372,True
48744,76325,626,2016,MO,Pres-G,2016_Pres-G_MO,YouGov,391,False,False,Online Panel,10.0,,2016-10-20,2016-11-08,19,1814.0,Hillary Rodham Clinton,9207,DEM,35.8,38.13527156927183,Donald Trump,9849,REP,43.3,56.77240847937871,-7.5,-18.63713691010688,19,11.137136910106879,11.137136910106879,True
48743,76324,627,2016,MS,Pres-G,2016_Pres-G_MS,YouGov,391,False,False,Online Panel,10.0,,2016-10-20,2016-11-08,19,861.0,Hillary Rodham Clinton,9207,DEM,39.5,40.11478827178409,Donald Trump,9849,REP,45.5,57.94103808883564,-6.0,-17.826249817051547,19,11.826249817051547,11.826249817051547,True
48745,76326,628,2016,MT,Pres-G,2016_Pres-G_MT,YouGov,391,False,False,Online Panel,10.0,,2016-10-20,2016-11-08,19,307.0,Hillary Rodham Clinton,9207,DEM,31.7,35.745765337013,Donald Trump,9849,REP,44.1,56.16849744642932,-12.400000000000002,-20.422732109416323,19,8.02273210941632,8.02273210941632,True
47779,74789,629,2016,NC,Pres-G,2016_Pres-G_NC,YouGov,391,False,False,Live Phone/Online Panel,9.0,,2016-10-27,2016-11-08,12,992.0,Hillary Rodham Clinton,9207,DEM,48.0,46.172866168209474,Donald Trump,9849,REP,45.0,49.828094696180415,3.0,-3.655228527970941,12,6.655228527970941,6.655228527970941,False
48753,76334,630,2016,ND,Pres-G,2016_Pres-G_ND,YouGov,391,False,False,Online Panel,10.0,,2016-10-20,2016-11-08,19,201.0,Hillary Rodham Clinton,9207,DEM,32.3,27.226739458706007,Donald Trump,9849,REP,44.8,62.9556278313393,-12.5,-35.72888837263329,19,23.228888372633293,23.228888372633293,True
48746,76327,631,2016,NE,Pres-G,2016_Pres-G_NE,YouGov,391,False,False,Online Panel,10.0,,2016-10-20,2016-11-08,19,506.0,Hillary Rodham Clinton,9207,DEM,32.3,33.69875637713554,Donald Trump,9849,REP,44.9,58.74735112712576,-12.6,-25.048594749990222,19,12.448594749990223,12.448594749990223,True
48748,76329,632,2016,NH,Pres-G,2016_Pres-G_NH,YouGov,391,False,False,Online Panel,10.0,,2016-10-20,2016-11-08,19,430.0,Hillary Rodham Clinton,9207,DEM,43.0,46.82626266969056,Donald Trump,9849,REP,34.4,46.45866698195341,8.600000000000001,0.3675956877371433,19,8.232404312262858,8.232404312262858,True
48749,76330,633,2016,NJ,Pres-G,2016_Pres-G_NJ,YouGov,391,False,False,Online Panel,10.0,,2016-10-20,2016-11-08,19,2377.0,Hillary Rodham Clinton,9207,DEM,47.7,55.4530844496942,Donald Trump,9849,REP,35.7,41.35038665002945,12.0,14.102697799664751,19,-2.1026977996647513,2.1026977996647513,True
48750,76331,634,2016,NM,Pres-G,2016_Pres-G_NM,YouGov,391,False,False,Online Panel,10.0,,2016-10-20,2016-11-08,19,508.0,Hillary Rodham Clinton,9207,DEM,41.7,48.255647178634106,Donald Trump,9849,REP,34.6,40.04251433324272,7.100000000000001,8.213132845391385,19,-1.1131328453913838,1.1131328453913838,True
48747,76328,635,2016,NV,Pres-G,2016_Pres-G_NV,YouGov,391,False,False,Online Panel,10.0,,2016-10-20,2016-11-08,19,656.0,Hillary Rodham Clinton,9207,DEM,42.5,47.91782367811904,Donald Trump,9849,REP,40.9,45.50069531760242,1.6000000000000014,2.417128360516621,19,-0.8171283605166195,0.8171283605166195,True
48751,76332,636,2016,NY,Pres-G,2016_Pres-G_NY,YouGov,391,False,False,Online Panel,10.0,,2016-10-20,2016-11-08,19,4663.0,Hillary Rodham Clinton,9207,DEM,52.7,56.722342284541526,Donald Trump,9849,REP,31.4,32.72884002531648,21.300000000000004,23.99350225922505,19,-2.6935022592250455,2.6935022592250455,True
48481,75977,637,2016,OH,Pres-G,2016_Pres-G_OH,YouGov,391,False,False,Live Phone/Online Panel,9.0,,2016-11-03,2016-11-08,5,1189.0,Hillary Rodham Clinton,9207,DEM,45.0,43.55807627672002,Donald Trump,9849,REP,46.0,51.68765067578619,-1.0,-8.129574399066165,5,7.129574399066165,7.129574399066165,True
48755,76336,638,2016,OK,Pres-G,2016_Pres-G_OK,YouGov,391,False,False,Online Panel,10.0,,2016-10-20,2016-11-08,19,949.0,Hillary Rodham Clinton,9207,DEM,26.8,28.93168028454389,Donald Trump,9849,REP,53.4,65.32286481962736,-26.6,-36.39118453508346,19,9.79118453508346,9.79118453508346,True
48756,76337,639,2016,OR,Pres-G,2016_Pres-G_OR,YouGov,391,False,False,Online Panel,10.0,,2016-10-20,2016-11-08,19,1112.0,Hillary Rodham Clinton,9207,DEM,43.8,50.07185200286208,Donald Trump,9849,REP,36.0,39.094035184496754,7.799999999999997,10.977816818365326,19,-3.1778168183653293,3.1778168183653293,True
48683,76246,640,2016,PA,Pres-G,2016_Pres-G_PA,YouGov,391,False,False,Online Panel,6.0,,2016-11-04,2016-11-08,4,931.0,Hillary Rodham Clinton,9207,DEM,45.0,47.46494918966543,Donald Trump,9849,REP,43.0,48.18333631228592,2.0,-0.7183871226204914,4,2.7183871226204914,2.7183871226204914,False
48758,76339,641,2016,RI,Pres-G,2016_Pres-G_RI,YouGov,391,False,False,Online Panel,10.0,,2016-10-20,2016-11-08,19,287.0,Hillary Rodham Clinton,9207,DEM,47.0,54.41715834795089,Donald Trump,9849,REP,29.2,38.88620720864382,17.8,15.53095113930707,19,2.26904886069293,2.26904886069293,True
48759,76340,642,2016,SC,Pres-G,2016_Pres-G_SC,YouGov,391,False,False,Online Panel,10.0,,2016-10-20,2016-11-08,19,1298.0,Hillary Rodham Clinton,9207,DEM,35.6,40.67341978966509,Donald Trump,9849,REP,46.6,54.93933268569543,-11.0,-14.265912896030343,19,3.2659128960303434,3.2659128960303434,True
48760,76341,643,2016,SD,Pres-G,2016_Pres-G_SD,YouGov,391,False,False,Online Panel,10.0,,2016-10-20,2016-11-08,19,246.0,Hillary Rodham Clinton,9207,DEM,31.3,31.737428159948987,Donald Trump,9849,REP,49.6,61.5307503789588,-18.3,-29.793322219009813,19,11.493322219009812,11.493322219009812,True
48761,76342,644,2016,TN,Pres-G,2016_Pres-G_TN,YouGov,391,False,False,Online Panel,10.0,,2016-10-20,2016-11-08,19,1729.0,Hillary Rodham Clinton,9207,DEM,33.9,34.71633279865009,Donald Trump,9849,REP,48.3,60.722033694214616,-14.4,-26.005700895564523,19,11.605700895564523,11.605700895564523,True
47237,73920,645,2016,TX,Pres-G,2016_Pres-G_TX,YouGov,391,False,False,Live Phone/Online Panel,9.0,,2016-10-21,2016-11-08,18,1031.0,Hillary Rodham Clinton,9207,DEM,43.0,43.23525798101196,Donald Trump,9849,REP,46.0,52.23468557933538,-3.0,-8.999427598323422,18,5.999427598323422,5.999427598323422,True
48687,76262,94,2016,US,Pres-G,2016_Pres-G_US,YouGov,391,False,False,Online Panel,8.0,,2016-11-06,2016-11-08,2,3677.0,Hillary Rodham Clinton,9207,DEM,45.0,47.99672181721133,Donald Trump,9849,REP,41.0,45.81540269576777,4.0,2.1813191214435577,2,1.8186808785564423,1.8186808785564423,True
48684,76247,646,2016,UT,Pres-G,2016_Pres-G_UT,YouGov,391,False,False,Online Panel,6.0,,2016-11-04,2016-11-08,4,762.0,Hillary Rodham Clinton,9207,DEM,23.0,27.459545266522184,Donald Trump,9849,REP,40.0,45.53795868437707,-17.0,-18.078413417854883,4,1.0784134178548825,1.0784134178548825,True
48765,76346,647,2016,VA,Pres-G,2016_Pres-G_VA,YouGov,391,False,False,Online Panel,10.0,,2016-10-20,2016-11-08,19,2460.0,Hillary Rodham Clinton,9207,DEM,46.1,49.72789199301014,Donald Trump,9849,REP,37.0,44.40669663012711,9.1,5.321195362883032,19,3.7788046371169672,3.7788046371169672,True
48764,76345,648,2016,VT,Pres-G,2016_Pres-G_VT,YouGov,391,False,False,Online Panel,10.0,,2016-10-20,2016-11-08,19,191.0,Hillary Rodham Clinton,9207,DEM,40.5,56.67778599472493,Donald Trump,9849,REP,24.5,30.26943475514732,16.0,26.408351239577613,19,-10.408351239577613,10.408351239577613,True
48766,76347,649,2016,WA,Pres-G,2016_Pres-G_WA,YouGov,391,False,False,Online Panel,10.0,,2016-10-20,2016-11-08,19,1985.0,Hillary Rodham Clinton,9207,DEM,47.4,52.53868006182659,Donald Trump,9849,REP,31.7,36.83268018663746,15.7,15.705999875189129,19,-0.005999875189129256,0.005999875189129256,True
48768,76349,650,2016,WI,Pres-G,2016_Pres-G_WI,YouGov,391,False,False,Online Panel,10.0,,2016-10-20,2016-11-08,19,1794.0,Hillary Rodham Clinton,9207,DEM,42.2,46.45384137224266,Donald Trump,9849,REP,37.7,47.21818456731012,4.5,-0.7643431950674611,19,5.264343195067461,5.264343195067461,False
48767,76348,651,2016,WV,Pres-G,2016_Pres-G_WV,YouGov,391,False,False,Online Panel,10.0,,2016-10-20,2016-11-08,19,472.0,Hillary Rodham Clinton,9207,DEM,25.7,26.426080907249627,Donald Trump,9849,REP,54.0,68.49877453553427,-28.3,-42.07269362828464,19,13.772693628284639,13.772693628284639,True
48769,76350,652,2016,WY,Pres-G,2016_Pres-G_WY,YouGov,391,False,False,Online Panel,10.0,,2016-10-20,2016-11-08,19,151.0,Hillary Rodham Clinton,9207,DEM,26.2,21.87735734749793,Donald Trump,9849,REP,59.0,68.17263307654125,-32.8,-46.29527572904331,19,13.495275729043314,13.495275729043314,True
71295,133500,6214,2020,AZ,Pres-G,2020_Pres-G_AZ,YouGov,391,False,False,Online Panel,9.0,,2020-10-15,2020-11-03,19,1074.0,Joe Biden,13256,DEM,50.0,49.364690614366616,Donald Trump,13254,REP,47.0,49.05598103046474,3.0,0.308709583901873,19,2.691290416098127,2.691290416098127,True
71368,133643,6216,2020,CO,Pres-G,2020_Pres-G_CO,YouGov,391,False,False,Online Panel,9.0,,2020-10-07,2020-11-03,27,800.0,Joe Biden,13256,DEM,47.0,55.3995419069199,Donald Trump,13254,REP,38.0,41.8979238435606,9.0,13.501618063359302,27,-4.501618063359302,4.501618063359302,True
71887,134745,6220,2020,FL,Pres-G,2020_Pres-G_FL,YouGov,391,False,False,Online Panel,9.0,,2020-10-22,2020-11-03,12,1228.0,Joe Biden,13256,DEM,50.0,47.86145072544223,Donald Trump,13254,REP,48.0,51.21981962250403,2.0,-3.3583688970618013,12,5.358368897061801,5.358368897061801,False
71888,134746,6221,2020,GA,Pres-G,2020_Pres-G_GA,YouGov,391,False,False,Online Panel,9.0,,2020-10-22,2020-11-03,12,1090.0,Joe Biden,13256,DEM,49.0,49.473055784446274,Donald Trump,13254,REP,49.0,49.2374738997912,0.0,0.2355818846550761,12,-0.2355818846550761,0.2355818846550761,False
70726,132310,6223,2020,IA,Pres-G,2020_Pres-G_IA,YouGov,391,False,False,Online Panel,9.0,,2020-10-08,2020-11-03,26,1035.0,Joe Biden,13256,DEM,49.0,44.89171557144218,Donald Trump,13254,REP,49.0,53.089324969202266,0.0,-8.19760939776009,26,8.19760939776009,8.19760939776009,False
71972,134917,6230,2020,MA,Pres-G,2020_Pres-G_MA,YouGov,391,False,False,Online Panel,9.0,,2020-10-18,2020-11-03,16,713.0,Joe Biden,13256,DEM,64.0,65.6000630059685,Donald Trump,13254,REP,29.0,32.14191103050557,35.0,33.458151975462926,16,1.5418480245370745,1.5418480245370745,True
71946,134865,6233,2020,MI,Pres-G,2020_Pres-G_MI,YouGov,391,False,False,Online Panel,9.0,,2020-10-17,2020-11-03,17,681.0,Joe Biden,13256,DEM,52.0,50.62081829082437,Donald Trump,13254,REP,42.0,47.83729069113762,10.0,2.783527599686749,17,7.2164724003132505,7.2164724003132505,True
69424,129304,6234,2020,MN,Pres-G,2020_Pres-G_MN,YouGov,391,False,False,Online Panel,9.0,,2020-09-10,2020-11-03,54,1087.0,Joe Biden,13256,DEM,50.0,52.39509930974001,Donald Trump,13254,REP,41.0,45.28494240916937,9.0,7.110156900570644,54,1.8898430994293562,1.8898430994293562,True
70777,132398,6235,2020,MO,Pres-G,2020_Pres-G_MO,YouGov,391,False,False,Online Panel,9.0,,2020-09-30,2020-11-03,34,931.0,Joe Biden,13256,DEM,43.2,41.40878173618836,Donald Trump,13254,REP,51.8,56.79965577888949,-8.599999999999994,-15.390874042701128,34,6.790874042701134,6.790874042701134,True
71889,134747,6238,2020,NC,Pres-G,2020_Pres-G_NC,YouGov,391,False,False,Online Panel,9.0,,2020-10-22,2020-11-03,12,1022.0,Joe Biden,13256,DEM,51.0,48.586194188970325,Donald Trump,13254,REP,47.0,49.93435061225701,4.0,-1.3481564232866887,12,5.348156423286689,5.348156423286689,False
70725,132309,6244,2020,NV,Pres-G,2020_Pres-G_NV,YouGov,391,False,False,Online Panel,9.0,,2020-10-08,2020-11-03,26,1036.0,Joe Biden,13256,DEM,52.0,50.05678195728402,Donald Trump,13254,REP,46.0,47.66624732455941,6.0,2.3905346327246164,26,3.6094653672753836,3.6094653672753836,True
70549,131596,6246,2020,OH,Pres-G,2020_Pres-G_OH,YouGov,391,False,False,Online Panel,9.0,,2020-10-01,2020-11-03,33,1114.0,Joe Biden,13256,DEM,47.0,45.23933834070503,Donald Trump,13254,REP,47.0,53.27130010087464,0.0,-8.031961760169615,33,8.031961760169615,8.031961760169615,False
71947,134866,6249,2020,PA,Pres-G,2020_Pres-G_PA,YouGov,391,False,False,Online Panel,9.0,,2020-10-17,2020-11-03,17,669.0,Joe Biden,13256,DEM,52.0,50.00849567544814,Donald Trump,13254,REP,44.0,48.84361204017247,8.0,1.1648836352756715,17,6.835116364724328,6.835116364724328,True
69993,130353,6251,2020,SC,Pres-G,2020_Pres-G_SC,YouGov,391,False,False,Online Panel,9.0,,2020-09-24,2020-11-03,40,1080.0,Joe Biden,13256,DEM,42.0,43.43008814206178,Donald Trump,13254,REP,52.0,55.11029395674024,-10.0,-11.68020581467846,40,1.6802058146784606,1.6802058146784606,True
71955,134881,6254,2020,TX,Pres-G,2020_Pres-G_TX,YouGov,391,False,False,Online Panel,9.0,,2020-10-17,2020-11-03,17,1000.0,Joe Biden,13256,DEM,44.7,46.47900991387051,Donald Trump,13254,REP,50.0,52.05760360355265,-5.299999999999997,-5.578593689682137,17,0.2785936896821397,0.2785936896821397,True
72714,136475,6210,2020,US,Pres-G,2020_Pres-G_US,YouGov,391,False,False,Online Panel,9.0,,2020-11-01,2020-11-03,2,1363.0,Joe Biden,13256,DEM,53.0,51.06781524282115,Donald Trump,13254,REP,43.0,46.67188775435952,10.0,4.395927488461631,2,5.604072511538369,5.604072511538369,True
71948,134867,6259,2020,WI,Pres-G,2020_Pres-G_WI,YouGov,391,False,False,Online Panel,9.0,,2020-10-17,2020-11-03,17,647.0,Joe Biden,13256,DEM,53.0,49.44953686142774,Donald Trump,13254,REP,44.0,48.82243731960882,9.0,0.6270995418189145,17,8.372900458181086,8.372900458181086,True
